classifier_name,dataset_name,accuracy
Encoder,0,48.4
Encoder,1,80.4
Encoder,2,64.3
Encoder,3,74.5
Encoder,4,66.5
Encoder,5,75.8
Encoder,6,94.7
Encoder,7,57.3
Encoder,8,91.1
Encoder,9,97.9
Encoder,10,57.4
Encoder,11,69.4
Encoder,12,67.5
Encoder,13,69.2
Encoder,14,91.3
Encoder,15,73.7
Encoder,16,74.1
Encoder,17,68.8
Encoder,18,74.8
Encoder,19,92.3
Encoder,20,94.0
Encoder,21,98.2
Encoder,22,67.4
Encoder,23,79.3
Encoder,24,81.5
Encoder,25,87.4
Encoder,26,72.3
Encoder,27,86.6
Encoder,28,92.3
Encoder,29,89.0
Encoder,30,93.6
Encoder,31,72.7
Encoder,32,89.9
Encoder,33,42.7
Encoder,34,58.6
Encoder,35,29.2
Encoder,36,63.3
Encoder,37,96.5
Encoder,38,61.9
Encoder,39,69.2
Encoder,40,62.5
Encoder,41,87.6
Encoder,42,74.2
Encoder,43,73.4
Encoder,44,57.9
Encoder,45,76.1
Encoder,46,59.2
Encoder,47,84.0
Encoder,48,91.6
Encoder,49,93.2
Encoder,50,40.0
Encoder,51,57.6
Encoder,52,76.7
Encoder,53,17.2
Encoder,54,97.6
Encoder,55,84.4
Encoder,56,79.1
Encoder,57,81.2
Encoder,58,48.8
Encoder,59,38.3
Encoder,60,53.0
Encoder,61,75.8
Encoder,62,59.6
Encoder,63,74.3
Encoder,64,83.9
Encoder,65,95.7
Encoder,66,94.6
Encoder,67,93.0
Encoder,68,82.1
Encoder,69,99.6
Encoder,70,65.9
Encoder,71,79.5
Encoder,72,96.0
Encoder,73,86.3
Encoder,74,100.0
Encoder,75,95.4
Encoder,76,78.6
Encoder,77,69.6
Encoder,78,71.1
Encoder,79,99.6
Encoder,80,50.0
Encoder,81,61.3
Encoder,82,57.1
Encoder,83,63.9
Encoder,84,82.0
FCN,0,84.4
FCN,1,84.3
FCN,2,69.7
FCN,3,86.0
FCN,4,95.5
FCN,5,90.5
FCN,6,99.4
FCN,7,81.4
FCN,8,82.4
FCN,9,100.0
FCN,10,82.2
FCN,11,79.2
FCN,12,78.7
FCN,13,81.1
FCN,14,31.3
FCN,15,71.0
FCN,16,76.0
FCN,17,69.0
FCN,18,72.7
FCN,19,88.9
FCN,20,94.0
FCN,21,98.7
FCN,22,70.2
FCN,23,94.5
FCN,24,92.8
FCN,25,94.6
FCN,26,62.7
FCN,27,95.8
FCN,28,90.4
FCN,29,87.8
FCN,30,100.0
FCN,31,71.8
FCN,32,80.6
FCN,33,48.0
FCN,34,60.8
FCN,35,33.9
FCN,36,39.3
FCN,37,96.1
FCN,38,90.2
FCN,39,73.9
FCN,40,82.7
FCN,41,96.7
FCN,42,85.3
FCN,43,77.9
FCN,44,55.3
FCN,45,80.1
FCN,46,51.2
FCN,47,93.7
FCN,48,95.6
FCN,49,95.3
FCN,50,72.3
FCN,51,97.7
FCN,52,82.0
FCN,53,32.5
FCN,54,100.0
FCN,55,83.1
FCN,56,90.3
FCN,57,76.7
FCN,58,50.8
FCN,59,62.5
FCN,60,72.4
FCN,61,89.5
FCN,62,78.3
FCN,63,96.0
FCN,64,97.9
FCN,65,96.1
FCN,66,97.2
FCN,67,96.9
FCN,68,95.5
FCN,69,98.5
FCN,70,96.1
FCN,71,88.0
FCN,72,100.0
FCN,73,100.0
FCN,74,87.1
FCN,75,81.7
FCN,76,75.4
FCN,77,63.9
FCN,78,72.6
FCN,79,99.7
FCN,80,58.7
FCN,81,56.4
FCN,82,76.5
FCN,83,72.6
FCN,84,83.9
ResNet,0,82.9
ResNet,1,84.5
ResNet,2,75.3
ResNet,3,85.0
ResNet,4,88.5
ResNet,5,92.5
ResNet,6,99.5
ResNet,7,84.4
ResNet,8,82.6
ResNet,9,100.0
ResNet,10,81.5
ResNet,11,79.1
ResNet,12,80.3
ResNet,13,81.2
ResNet,14,30.1
ResNet,15,71.7
ResNet,16,77.1
ResNet,17,66.5
ResNet,18,71.2
ResNet,19,87.4
ResNet,20,93.4
ResNet,21,97.5
ResNet,22,72.9
ResNet,23,83.9
ResNet,24,95.5
ResNet,25,95.5
ResNet,26,74.0
ResNet,27,97.9
ResNet,28,92.0
ResNet,29,91.3
ResNet,30,99.1
ResNet,31,75.7
ResNet,32,91.1
ResNet,33,51.9
ResNet,34,61.9
ResNet,35,37.3
ResNet,36,50.7
ResNet,37,96.3
ResNet,38,90.0
ResNet,39,77.0
ResNet,40,84.5
ResNet,41,97.2
ResNet,42,96.8
ResNet,43,77.0
ResNet,44,56.9
ResNet,45,80.9
ResNet,46,48.4
ResNet,47,92.8
ResNet,48,94.5
ResNet,49,94.6
ResNet,50,83.0
ResNet,51,97.9
ResNet,52,83.9
ResNet,53,33.4
ResNet,54,100.0
ResNet,55,85.3
ResNet,56,92.1
ResNet,57,78.0
ResNet,58,52.5
ResNet,59,62.2
ResNet,60,77.9
ResNet,61,92.1
ResNet,62,78.6
ResNet,63,95.8
ResNet,64,97.8
ResNet,65,97.2
ResNet,66,98.1
ResNet,67,95.6
ResNet,68,90.6
ResNet,69,99.8
ResNet,70,96.3
ResNet,71,90.6
ResNet,72,100.0
ResNet,73,100.0
ResNet,74,100.0
ResNet,75,86.0
ResNet,76,78.0
ResNet,77,67.0
ResNet,78,75.0
ResNet,79,99.9
ResNet,80,74.4
ResNet,81,62.2
ResNet,82,79.1
ResNet,83,74.7
ResNet,84,87.0
MLP,0,39.7
MLP,1,77.8
MLP,2,72.0
MLP,3,87.0
MLP,4,77.5
MLP,5,76.7
MLP,6,87.2
MLP,7,80.2
MLP,8,84.0
MLP,9,99.6
MLP,10,56.3
MLP,11,59.1
MLP,12,60.0
MLP,13,61.7
MLP,14,91.0
MLP,15,65.7
MLP,16,72.6
MLP,17,61.7
MLP,18,71.7
MLP,19,91.6
MLP,20,92.9
MLP,21,97.0
MLP,22,59.2
MLP,23,79.3
MLP,24,84.0
MLP,25,83.3
MLP,26,68.4
MLP,27,84.8
MLP,28,73.0
MLP,29,60.3
MLP,30,92.7
MLP,31,69.1
MLP,32,91.8
MLP,33,43.3
MLP,34,52.8
MLP,35,33.7
MLP,36,60.7
MLP,37,95.4
MLP,38,47.3
MLP,39,67.0
MLP,40,63.0
MLP,41,91.8
MLP,42,89.7
MLP,43,72.1
MLP,44,53.1
MLP,45,77.0
MLP,46,53.4
MLP,47,85.8
MLP,48,91.6
MLP,49,91.7
MLP,50,66.7
MLP,51,55.7
MLP,52,73.5
MLP,53,9.6
MLP,54,97.8
MLP,55,85.6
MLP,56,73.3
MLP,57,76.7
MLP,58,37.9
MLP,59,40.3
MLP,60,50.3
MLP,61,77.1
MLP,62,37.1
MLP,63,67.2
MLP,64,83.4
MLP,65,94.9
MLP,66,96.1
MLP,67,85.1
MLP,68,83.2
MLP,69,97.6
MLP,70,58.3
MLP,71,74.5
MLP,72,80.7
MLP,73,76.2
MLP,74,94.6
MLP,75,95.5
MLP,76,76.7
MLP,77,69.8
MLP,78,69.7
MLP,79,99.6
MLP,80,56.5
MLP,81,59.8
MLP,82,45.7
MLP,83,60.1
MLP,84,85.5
MCNN,0,2.2
MCNN,1,33.9
MCNN,2,20.0
MCNN,3,50.0
MCNN,4,50.0
MCNN,5,24.0
MCNN,6,33.2
MCNN,7,53.3
MCNN,8,38.1
MCNN,9,51.4
MCNN,10,52.2
MCNN,11,18.9
MCNN,12,18.4
MCNN,13,18.3
MCNN,14,30.1
MCNN,15,46.8
MCNN,16,58.3
MCNN,17,30.2
MCNN,18,74.8
MCNN,19,64.0
MCNN,20,61.8
MCNN,21,49.9
MCNN,22,33.6
MCNN,23,17.0
MCNN,24,26.8
MCNN,25,15.3
MCNN,26,22.0
MCNN,27,13.4
MCNN,28,51.3
MCNN,29,49.8
MCNN,30,51.3
MCNN,31,50.6
MCNN,32,64.1
MCNN,33,20.9
MCNN,34,59.4
MCNN,35,16.7
MCNN,36,15.8
MCNN,37,50.0
MCNN,38,41.0
MCNN,39,55.7
MCNN,40,31.0
MCNN,41,13.5
MCNN,42,33.3
MCNN,43,51.4
MCNN,44,18.8
MCNN,45,57.0
MCNN,46,27.3
MCNN,47,50.8
MCNN,48,16.1
MCNN,49,16.0
MCNN,50,38.0
MCNN,51,24.3
MCNN,52,61.3
MCNN,53,13.2
MCNN,54,13.0
MCNN,55,48.8
MCNN,56,68.4
MCNN,57,35.1
MCNN,58,33.3
MCNN,59,34.1
MCNN,60,50.0
MCNN,61,13.2
MCNN,62,36.9
MCNN,63,44.3
MCNN,64,59.4
MCNN,65,65.4
MCNN,66,64.3
MCNN,67,11.8
MCNN,68,22.6
MCNN,69,29.8
MCNN,70,50.5
MCNN,71,63.2
MCNN,72,35.4
MCNN,73,50.0
MCNN,74,40.3
MCNN,75,28.9
MCNN,76,18.9
MCNN,77,23.7
MCNN,78,18.0
MCNN,79,91.3
MCNN,80,50.0
MCNN,81,28.4
MCNN,82,42.9
MCNN,83,57.1
MCNN,84,53.6
t-LeNet,0,2.0
t-LeNet,1,30.3
t-LeNet,2,20.0
t-LeNet,3,50.0
t-LeNet,4,50.0
t-LeNet,5,31.7
t-LeNet,6,33.2
t-LeNet,7,53.3
t-LeNet,8,25.0
t-LeNet,9,53.6
t-LeNet,10,50.0
t-LeNet,11,7.4
t-LeNet,12,8.5
t-LeNet,13,6.2
t-LeNet,14,30.1
t-LeNet,15,44.6
t-LeNet,16,58.3
t-LeNet,17,28.3
t-LeNet,18,74.8
t-LeNet,19,64.0
t-LeNet,20,58.4
t-LeNet,21,49.7
t-LeNet,22,24.2
t-LeNet,23,8.0
t-LeNet,24,29.5
t-LeNet,25,14.3
t-LeNet,26,12.5
t-LeNet,27,12.6
t-LeNet,28,51.0
t-LeNet,29,51.2
t-LeNet,30,49.3
t-LeNet,31,51.4
t-LeNet,32,64.1
t-LeNet,33,20.8
t-LeNet,34,59.4
t-LeNet,35,16.5
t-LeNet,36,9.1
t-LeNet,37,49.9
t-LeNet,38,33.3
t-LeNet,39,54.1
t-LeNet,40,26.0
t-LeNet,41,12.3
t-LeNet,42,33.3
t-LeNet,43,51.4
t-LeNet,44,57.1
t-LeNet,45,57.0
t-LeNet,46,28.6
t-LeNet,47,53.9
t-LeNet,48,2.9
t-LeNet,49,2.9
t-LeNet,50,38.0
t-LeNet,51,18.2
t-LeNet,52,61.3
t-LeNet,53,11.3
t-LeNet,54,13.4
t-LeNet,55,48.8
t-LeNet,56,68.4
t-LeNet,57,34.6
t-LeNet,58,33.3
t-LeNet,59,33.3
t-LeNet,60,50.0
t-LeNet,61,1.7
t-LeNet,62,33.3
t-LeNet,63,42.9
t-LeNet,64,61.7
t-LeNet,65,57.7
t-LeNet,66,64.3
t-LeNet,67,6.5
t-LeNet,68,17.4
t-LeNet,69,16.7
t-LeNet,70,52.6
t-LeNet,71,81.5
t-LeNet,72,24.0
t-LeNet,73,50.0
t-LeNet,74,25.9
t-LeNet,75,12.8
t-LeNet,76,12.5
t-LeNet,77,12.1
t-LeNet,78,12.1
t-LeNet,79,89.2
t-LeNet,80,50.0
t-LeNet,81,21.9
t-LeNet,82,42.9
t-LeNet,83,55.7
t-LeNet,84,53.6
MCDCNN,0,61.0
MCDCNN,1,68.5
MCDCNN,2,56.3
MCDCNN,3,58.0
MCDCNN,4,58.0
MCDCNN,5,73.0
MCDCNN,6,82.0
MCDCNN,7,64.3
MCDCNN,8,73.6
MCDCNN,9,98.2
MCDCNN,10,55.9
MCDCNN,11,49.5
MCDCNN,12,49.7
MCDCNN,13,49.8
MCDCNN,14,70.3
MCDCNN,15,74.4
MCDCNN,16,75.3
MCDCNN,17,67.7
MCDCNN,18,74.9
MCDCNN,19,83.3
MCDCNN,20,93.7
MCDCNN,21,76.2
MCDCNN,22,64.4
MCDCNN,23,71.7
MCDCNN,24,71.2
MCDCNN,25,75.6
MCDCNN,26,58.9
MCDCNN,27,75.8
MCDCNN,28,79.5
MCDCNN,29,53.3
MCDCNN,30,86.7
MCDCNN,31,73.3
MCDCNN,32,90.9
MCDCNN,33,40.4
MCDCNN,34,60.0
MCDCNN,35,21.5
MCDCNN,36,58.3
MCDCNN,37,95.5
MCDCNN,38,43.4
MCDCNN,39,63.0
MCDCNN,40,53.4
MCDCNN,41,90.1
MCDCNN,42,70.5
MCDCNN,43,64.0
MCDCNN,44,58.5
MCDCNN,45,81.1
MCDCNN,46,58.1
MCDCNN,47,76.5
MCDCNN,48,90.5
MCDCNN,49,91.5
MCDCNN,50,40.0
MCDCNN,51,37.8
MCDCNN,52,80.3
MCDCNN,53,13.0
MCDCNN,54,96.5
MCDCNN,55,83.8
MCDCNN,56,87.3
MCDCNN,57,79.7
MCDCNN,58,36.9
MCDCNN,59,42.7
MCDCNN,60,50.7
MCDCNN,61,61.3
MCDCNN,62,48.5
MCDCNN,63,65.3
MCDCNN,64,77.4
MCDCNN,65,93.9
MCDCNN,66,95.6
MCDCNN,67,84.6
MCDCNN,68,75.6
MCDCNN,69,98.3
MCDCNN,70,49.0
MCDCNN,71,44.3
MCDCNN,72,86.3
MCDCNN,73,76.0
MCDCNN,74,97.8
MCDCNN,75,92.9
MCDCNN,76,71.1
MCDCNN,77,63.6
MCDCNN,78,65.0
MCDCNN,79,99.2
MCDCNN,80,50.0
MCDCNN,81,46.3
MCDCNN,82,42.6
MCDCNN,83,57.0
MCDCNN,84,76.2
Time-CNN,0,37.9
Time-CNN,1,72.3
Time-CNN,2,76.3
Time-CNN,3,89.0
Time-CNN,4,60.5
Time-CNN,5,78.2
Time-CNN,6,95.7
Time-CNN,7,60.0
Time-CNN,8,74.5
Time-CNN,9,99.6
Time-CNN,10,54.8
Time-CNN,11,55.2
Time-CNN,12,57.0
Time-CNN,13,48.8
Time-CNN,14,95.4
Time-CNN,15,75.2
Time-CNN,16,75.9
Time-CNN,17,67.3
Time-CNN,18,70.0
Time-CNN,19,81.4
Time-CNN,20,92.8
Time-CNN,21,88.2
Time-CNN,22,68.1
Time-CNN,23,76.8
Time-CNN,24,90.6
Time-CNN,25,86.9
Time-CNN,26,62.1
Time-CNN,27,84.9
Time-CNN,28,88.1
Time-CNN,29,80.6
Time-CNN,30,93.2
Time-CNN,31,71.1
Time-CNN,32,88.8
Time-CNN,33,36.6
Time-CNN,34,53.9
Time-CNN,35,28.7
Time-CNN,36,58.3
Time-CNN,37,95.5
Time-CNN,38,66.6
Time-CNN,39,63.6
Time-CNN,40,65.1
Time-CNN,41,92.0
Time-CNN,42,90.2
Time-CNN,43,67.6
Time-CNN,44,56.6
Time-CNN,45,76.6
Time-CNN,46,54.9
Time-CNN,47,88.2
Time-CNN,48,86.5
Time-CNN,49,89.8
Time-CNN,50,40.0
Time-CNN,51,46.2
Time-CNN,52,77.1
Time-CNN,53,9.5
Time-CNN,54,96.5
Time-CNN,55,82.8
Time-CNN,56,81.2
Time-CNN,57,78.3
Time-CNN,58,43.9
Time-CNN,59,38.9
Time-CNN,60,50.0
Time-CNN,61,61.9
Time-CNN,62,61.5
Time-CNN,63,68.7
Time-CNN,64,84.1
Time-CNN,65,92.6
Time-CNN,66,95.9
Time-CNN,67,88.4
Time-CNN,68,81.0
Time-CNN,69,99.0
Time-CNN,70,59.5
Time-CNN,71,73.8
Time-CNN,72,95.0
Time-CNN,73,87.2
Time-CNN,74,99.2
Time-CNN,75,91.8
Time-CNN,76,71.1
Time-CNN,77,62.6
Time-CNN,78,64.2
Time-CNN,79,96.1
Time-CNN,80,51.7
Time-CNN,81,56.6
Time-CNN,82,38.3
Time-CNN,83,53.8
Time-CNN,84,78.1
TWIESN,0,41.6
TWIESN,1,65.9
TWIESN,2,53.7
TWIESN,3,73.0
TWIESN,4,74.0
TWIESN,5,78.3
TWIESN,6,89.0
TWIESN,7,55.3
TWIESN,8,30.0
TWIESN,9,97.1
TWIESN,10,62.9
TWIESN,11,62.2
TWIESN,12,65.6
TWIESN,13,62.2
TWIESN,14,88.0
TWIESN,15,71.0
TWIESN,16,71.3
TWIESN,17,60.9
TWIESN,18,74.8
TWIESN,19,84.2
TWIESN,20,91.9
TWIESN,21,69.8
TWIESN,22,60.7
TWIESN,23,65.7
TWIESN,24,85.5
TWIESN,25,64.4
TWIESN,26,49.6
TWIESN,27,87.5
TWIESN,28,52.8
TWIESN,29,50.3
TWIESN,30,96.1
TWIESN,31,72.3
TWIESN,32,66.0
TWIESN,33,40.4
TWIESN,34,59.1
TWIESN,35,33.0
TWIESN,36,43.7
TWIESN,37,88.0
TWIESN,38,77.9
TWIESN,39,70.3
TWIESN,40,66.4
TWIESN,41,59.6
TWIESN,42,96.8
TWIESN,43,64.9
TWIESN,44,58.1
TWIESN,45,74.4
TWIESN,46,53.9
TWIESN,47,78.5
TWIESN,48,49.4
TWIESN,49,52.5
TWIESN,50,79.0
TWIESN,51,59.5
TWIESN,52,65.4
TWIESN,53,12.8
TWIESN,54,100.0
TWIESN,55,84.4
TWIESN,56,82.1
TWIESN,57,78.1
TWIESN,58,50.1
TWIESN,59,43.1
TWIESN,60,61.7
TWIESN,61,62.9
TWIESN,62,65.6
TWIESN,63,63.8
TWIESN,64,69.7
TWIESN,65,85.0
TWIESN,66,89.5
TWIESN,67,82.5
TWIESN,68,75.0
TWIESN,69,87.4
TWIESN,70,86.5
TWIESN,71,84.2
TWIESN,72,95.9
TWIESN,73,85.2
TWIESN,74,87.1
TWIESN,75,55.6
TWIESN,76,60.6
TWIESN,77,52.0
TWIESN,78,56.5
TWIESN,79,91.4
TWIESN,80,75.9
TWIESN,81,49.0
TWIESN,82,46.6
TWIESN,83,57.0
TWIESN,84,60.7
1-NN DTW CV,0,61.1
1-NN DTW CV,1,80.0
1-NN DTW CV,2,66.7
1-NN DTW CV,3,70.0
1-NN DTW CV,4,70.0
1-NN DTW CV,5,76.7
1-NN DTW CV,6,99.4
1-NN DTW CV,7,65.0
1-NN DTW CV,8,93.0
1-NN DTW CV,9,100.0
1-NN DTW CV,10,62.0
1-NN DTW CV,11,77.2
1-NN DTW CV,12,76.2
1-NN DTW CV,13,74.6
1-NN DTW CV,14,93.5
1-NN DTW CV,15,62.6
1-NN DTW CV,16,72.5
1-NN DTW CV,17,63.3
1-NN DTW CV,18,72.7
1-NN DTW CV,19,88.0
1-NN DTW CV,20,92.5
1-NN DTW CV,21,79.7
1-NN DTW CV,22,62.5
1-NN DTW CV,23,80.8
1-NN DTW CV,24,88.6
1-NN DTW CV,25,91.2
1-NN DTW CV,26,76.5
1-NN DTW CV,27,84.6
1-NN DTW CV,28,69.1
1-NN DTW CV,29,60.7
1-NN DTW CV,30,91.3
1-NN DTW CV,31,60.0
1-NN DTW CV,32,86.2
1-NN DTW CV,33,41.2
1-NN DTW CV,34,53.1
1-NN DTW CV,35,38.7
1-NN DTW CV,36,57.8
1-NN DTW CV,37,95.5
1-NN DTW CV,38,79.5
1-NN DTW CV,39,86.9
1-NN DTW CV,40,71.2
1-NN DTW CV,41,91.4
1-NN DTW CV,42,93.3
1-NN DTW CV,43,74.7
1-NN DTW CV,44,51.9
1-NN DTW CV,45,76.6
1-NN DTW CV,46,50.6
1-NN DTW CV,47,86.6
1-NN DTW CV,48,81.1
1-NN DTW CV,49,88.0
1-NN DTW CV,50,86.7
1-NN DTW CV,51,61.2
1-NN DTW CV,52,76.1
1-NN DTW CV,53,22.7
1-NN DTW CV,54,100.0
1-NN DTW CV,55,78.5
1-NN DTW CV,56,79.0
1-NN DTW CV,57,75.6
1-NN DTW CV,58,44.0
1-NN DTW CV,59,41.1
1-NN DTW CV,60,70.0
1-NN DTW CV,61,80.2
1-NN DTW CV,62,67.2
1-NN DTW CV,63,69.6
1-NN DTW CV,64,85.9
1-NN DTW CV,65,90.5
1-NN DTW CV,66,94.6
1-NN DTW CV,67,84.6
1-NN DTW CV,68,93.8
1-NN DTW CV,69,98.3
1-NN DTW CV,70,75.0
1-NN DTW CV,71,90.8
1-NN DTW CV,72,99.0
1-NN DTW CV,73,99.8
1-NN DTW CV,74,86.8
1-NN DTW CV,75,77.3
1-NN DTW CV,76,69.9
1-NN DTW CV,77,67.8
1-NN DTW CV,78,96.6
1-NN DTW CV,79,99.5
1-NN DTW CV,80,61.1
1-NN DTW CV,81,74.8
1-NN DTW CV,82,53.2
1-NN DTW CV,83,58.4
1-NN DTW CV,84,84.4
1-NN DTW,0,60.4
1-NN DTW,1,66.3
1-NN DTW,2,63.3
1-NN DTW,3,70.0
1-NN DTW,4,75.0
1-NN DTW,5,73.3
1-NN DTW,6,99.7
1-NN DTW,7,64.8
1-NN DTW,8,65.1
1-NN DTW,9,100.0
1-NN DTW,10,70.0
1-NN DTW,11,75.4
1-NN DTW,12,74.4
1-NN DTW,13,75.4
1-NN DTW,14,96.7
1-NN DTW,15,77.0
1-NN DTW,16,71.7
1-NN DTW,17,59.0
1-NN DTW,18,71.9
1-NN DTW,19,77.0
1-NN DTW,20,75.0
1-NN DTW,21,76.8
1-NN DTW,22,60.1
1-NN DTW,23,80.8
1-NN DTW,24,83.0
1-NN DTW,25,90.5
1-NN DTW,26,69.0
1-NN DTW,27,82.3
1-NN DTW,28,55.5
1-NN DTW,29,62.0
1-NN DTW,30,90.7
1-NN DTW,31,46.7
1-NN DTW,32,88.1
1-NN DTW,33,37.7
1-NN DTW,34,53.1
1-NN DTW,35,38.4
1-NN DTW,36,35.5
1-NN DTW,37,95.0
1-NN DTW,38,79.5
1-NN DTW,39,86.9
1-NN DTW,40,72.6
1-NN DTW,41,93.4
1-NN DTW,42,93.3
1-NN DTW,43,73.7
1-NN DTW,44,50.0
1-NN DTW,45,69.8
1-NN DTW,46,50.6
1-NN DTW,47,83.5
1-NN DTW,48,79.0
1-NN DTW,49,86.5
1-NN DTW,50,83.3
1-NN DTW,51,59.1
1-NN DTW,52,72.8
1-NN DTW,53,22.8
1-NN DTW,54,100.0
1-NN DTW,55,80.5
1-NN DTW,56,78.4
1-NN DTW,57,75.6
1-NN DTW,58,46.4
1-NN DTW,59,39.7
1-NN DTW,60,65.0
1-NN DTW,61,76.8
1-NN DTW,62,64.3
1-NN DTW,63,72.5
1-NN DTW,64,83.1
1-NN DTW,65,90.7
1-NN DTW,66,94.1
1-NN DTW,67,79.2
1-NN DTW,68,95.0
1-NN DTW,69,99.3
1-NN DTW,70,77.2
1-NN DTW,71,83.8
1-NN DTW,72,100.0
1-NN DTW,73,100.0
1-NN DTW,74,90.4
1-NN DTW,75,72.8
1-NN DTW,76,63.4
1-NN DTW,77,65.8
1-NN DTW,78,89.2
1-NN DTW,79,98.0
1-NN DTW,80,57.4
1-NN DTW,81,64.9
1-NN DTW,82,58.4
1-NN DTW,83,62.3
1-NN DTW,84,83.6
LS,0,56.32
LS,1,84.57142857
LS,2,76.0
LS,3,80.0
LS,4,80.0
LS,5,76.66666667
LS,6,99.44
LS,7,65.14
LS,8,83.3
LS,9,100.0
LS,10,58.4
LS,11,79.08
LS,12,75.13
LS,13,79.95
LS,14,96.67
LS,15,77.89855072
LS,16,71.94244604
LS,17,62.58992806
LS,18,74.10071942
LS,19,87.4
LS,20,93.22222222
LS,21,100.0
LS,22,58.747244200000004
LS,23,78.25
LS,24,95.22
LS,25,94.13
LS,26,76.81
LS,27,93.37
LS,28,95.68181820000001
LS,29,91.72839509999999
LS,30,100.0
LS,31,66.66666667
LS,32,48.1081081
LS,33,46.82
LS,34,62.5
LS,35,42.73
LS,36,60.60606061
LS,37,96.95
LS,38,70.13333333
LS,39,82.3
LS,40,80.27
LS,41,95.43
LS,42,73.33333333
LS,43,72.95
LS,44,78.00687285
LS,45,57.14285714
LS,46,50.64935065
LS,47,91.29
LS,48,86.92
LS,49,91.14
LS,50,44.0
LS,51,81.82
LS,52,76.45687646
LS,53,21.835442999999998
LS,54,100.0
LS,55,84.87972509
LS,56,83.41463415
LS,57,77.56097561
LS,58,51.46666667
LS,59,42.93333333
LS,60,95.0
LS,61,76.83333329999999
LS,62,66.4
LS,63,89.74
LS,64,91.84
LS,65,96.65
LS,66,91.08108108
LS,67,91.3
LS,68,96.44
LS,69,99.27
LS,70,93.42105263
LS,71,91.53846154
LS,72,100.0
LS,73,99.7
LS,74,99.74
LS,75,79.98
LS,76,71.29
LS,77,73.15
LS,78,95.3378001
LS,79,99.62
LS,80,50.0
LS,81,66.02
LS,82,61.03896104
LS,83,72.72727273
LS,84,84.99
TSBF,0,76.98209719
TSBF,1,75.42857143
TSBF,2,56.66666667
TSBF,3,80.0
TSBF,4,90.0
TSBF,5,78.33333333
TSBF,6,98.77777778
TSBF,7,69.24479167
TSBF,8,71.23188406
TSBF,9,100.0
TSBF,10,75.6
TSBF,11,70.51282051
TSBF,12,73.58974359
TSBF,13,71.53846154
TSBF,14,89.86928105
TSBF,15,78.26086957
TSBF,16,71.22302158
TSBF,17,67.62589928
TSBF,18,74.82014388
TSBF,19,84.0
TSBF,20,93.95555556
TSBF,21,87.68873403
TSBF,22,70.25029179
TSBF,23,74.43786982
TSBF,24,100.0
TSBF,25,86.68292683
TSBF,26,75.82417582
TSBF,27,83.42857143
TSBF,28,85.0
TSBF,29,59.87654321
TSBF,30,98.66666667
TSBF,31,76.19047619
TSBF,32,85.40540541
TSBF,33,49.02597403
TSBF,34,64.0625
TSBF,35,38.54545455
TSBF,36,62.47474747
TSBF,37,88.33819242
TSBF,38,52.8
TSBF,39,73.77049179999999
TSBF,40,72.60273973
TSBF,41,96.03411514
TSBF,42,93.33333333
TSBF,43,70.52631579
TSBF,44,81.44329897
TSBF,45,57.79220779
TSBF,46,59.74025974
TSBF,47,90.33546326
TSBF,48,84.22391858
TSBF,49,86.15776081
TSBF,50,83.33333333
TSBF,51,76.03305785
TSBF,52,82.98368298
TSBF,53,27.6371308
TSBF,54,100.0
TSBF,55,87.28522337
TSBF,56,84.87804878
TSBF,57,80.97560976
TSBF,58,47.2
TSBF,59,50.93333333
TSBF,60,96.11111111
TSBF,61,18.5
TSBF,62,67.2
TSBF,63,79.53410982
TSBF,64,77.75445959999999
TSBF,65,97.7051967
TSBF,66,95.40540541
TSBF,67,91.52
TSBF,68,94.57286432
TSBF,69,99.33333333
TSBF,70,78.07017544
TSBF,71,80.0
TSBF,72,98.0
TSBF,73,86.56716418
TSBF,74,97.625
TSBF,75,83.08207705
TSBF,76,73.61809045
TSBF,77,77.24734785
TSBF,78,92.62981575
TSBF,79,99.51330305
TSBF,80,61.11111111
TSBF,81,68.80877743
TSBF,82,68.83116883
TSBF,83,75.32467532
TSBF,84,81.93333333
EE(PROP),0,66.49616368
EE(PROP),1,81.14285714
EE(PROP),2,63.33333333
EE(PROP),3,75.0
EE(PROP),4,80.0
EE(PROP),5,83.33333333
EE(PROP),6,99.77777778
EE(PROP),7,65.625
EE(PROP),8,94.20289855
EE(PROP),9,100.0
EE(PROP),10,70.8
EE(PROP),11,81.28205128
EE(PROP),12,80.51282051
EE(PROP),13,78.20512821
EE(PROP),14,94.44444444
EE(PROP),15,72.82608696
EE(PROP),16,69.06474820000001
EE(PROP),17,64.74820144
EE(PROP),18,74.10071942
EE(PROP),19,88.0
EE(PROP),20,93.86666667
EE(PROP),21,81.99767712
EE(PROP),22,66.29490338
EE(PROP),23,84.85207101
EE(PROP),24,90.90909091
EE(PROP),25,94.48780488
EE(PROP),26,81.97802198
EE(PROP),27,96.57142857
EE(PROP),28,73.78787879
EE(PROP),29,66.17283951
EE(PROP),30,99.33333333
EE(PROP),31,57.14285714
EE(PROP),32,88.91891892
EE(PROP),33,39.28571429
EE(PROP),34,57.8125
EE(PROP),35,46.0
EE(PROP),36,59.49494949
EE(PROP),37,96.20991254
EE(PROP),38,81.06666667
EE(PROP),39,88.52459016
EE(PROP),40,76.71232877
EE(PROP),41,93.98720682
EE(PROP),42,93.33333333
EE(PROP),43,74.21052632
EE(PROP),44,78.35051546
EE(PROP),45,55.84415584
EE(PROP),46,51.2987013
EE(PROP),47,88.25878594
EE(PROP),48,84.58015267
EE(PROP),49,91.34860051
EE(PROP),50,86.66666667
EE(PROP),51,80.57851240000001
EE(PROP),52,77.27272727
EE(PROP),53,30.48523207
EE(PROP),54,100.0
EE(PROP),55,80.75601375
EE(PROP),56,80.48780488
EE(PROP),57,76.58536585
EE(PROP),58,43.73333333
EE(PROP),59,44.53333333
EE(PROP),60,81.66666667
EE(PROP),61,86.66666667
EE(PROP),62,69.6
EE(PROP),63,70.38269551
EE(PROP),64,87.82791186
EE(PROP),65,92.60563379999999
EE(PROP),66,94.59459459
EE(PROP),67,91.52
EE(PROP),68,95.9798995
EE(PROP),69,100.0
EE(PROP),70,82.89473684
EE(PROP),71,89.23076923
EE(PROP),72,99.0
EE(PROP),73,99.2976295
EE(PROP),74,100.0
EE(PROP),75,80.54159687
EE(PROP),76,72.5572306
EE(PROP),77,72.36180905
EE(PROP),78,96.8453378
EE(PROP),79,99.74042829
EE(PROP),80,57.40740741
EE(PROP),81,77.89968652
EE(PROP),82,66.23376623
EE(PROP),83,68.83116883
EE(PROP),84,87.9
PF,0,71.8414322
PF,1,84.4571429
PF,2,71.0
PF,3,74.5
PF,4,85.5
PF,5,82.16666670000001
PF,6,99.0555556
PF,7,63.0625
PF,8,90.2753623
PF,9,100.0
PF,10,61.68
PF,11,77.97435899999999
PF,12,78.4615385
PF,13,79.51282049999999
PF,14,96.43790849999999
PF,15,73.23741009999999
PF,16,76.23188409999999
PF,17,66.18705039999999
PF,18,75.323741
PF,19,89.7
PF,20,93.7555556
PF,21,80.5110337
PF,22,68.8509921
PF,23,92.7278107
PF,24,92.6136364
PF,25,92.8292683
PF,26,80.0
PF,27,90.91428570000001
PF,28,84.69696970000001
PF,29,69.6790123
PF,30,99.33333329999999
PF,31,63.9047619
PF,32,90.6756757
PF,33,45.1298701
PF,34,60.0
PF,35,42.2727273
PF,36,61.4141414
PF,37,96.3848397
PF,38,75.3866667
PF,39,85.2459016
PF,40,80.4109589
PF,41,95.69722809999999
PF,42,93.33333329999999
PF,43,75.6973684
PF,44,57.5324675
PF,45,82.1993127
PF,46,54.2207792
PF,47,88.8578275
PF,48,90.524173
PF,49,93.4147583
PF,50,86.66666670000001
PF,51,72.7272727
PF,52,80.8857809
PF,53,30.5485232
PF,54,100.0
PF,55,84.3902439
PF,56,85.3264605
PF,57,77.31707320000001
PF,58,53.173333299999996
PF,59,45.6266667
PF,60,75.9444444
PF,61,85.3166667
PF,62,73.3866667
PF,63,82.46256240000001
PF,64,87.89087090000001
PF,65,97.6857698
PF,66,95.4864865
PF,67,93.936
PF,68,95.26633170000001
PF,69,99.3666667
PF,70,88.1578947
PF,71,88.0
PF,72,99.9
PF,73,95.07462690000001
PF,74,99.975
PF,75,97.107761
PF,76,82.1300949
PF,77,76.239531
PF,78,75.48855390000001
PF,79,99.5084361
PF,80,53.518518500000006
PF,81,74.13793100000001
PF,82,66.4935065
PF,83,74.025974
PF,84,87.6133333
ST,0,78.26086957
ST,1,73.71428571
ST,2,90.0
ST,3,90.0
ST,4,80.0
ST,5,91.66666667
ST,6,97.44444444
ST,7,69.97395833
ST,8,95.43478261
ST,9,96.42857143
ST,10,73.6
ST,11,77.17948718
ST,12,77.94871795
ST,13,78.71794872
ST,14,92.48366013
ST,15,77.53623188
ST,16,76.97841727
ST,17,66.18705036
ST,18,74.10071942
ST,19,83.0
ST,20,94.37777778
ST,21,98.37398374
ST,22,74.69848269
ST,23,77.86982249
ST,24,85.22727273
ST,25,90.58536585
ST,26,70.54945055
ST,27,98.85714286
ST,28,97.12121212
ST,29,80.74074074
ST,30,100.0
ST,31,68.57142857
ST,32,93.24324324
ST,33,52.27272727
ST,34,67.1875
ST,35,37.27272727
ST,36,62.67676768
ST,37,94.75218659
ST,38,85.86666667
ST,39,73.77049179999999
ST,40,72.60273973
ST,41,96.41791045
ST,42,85.0
ST,43,66.97368421
ST,44,79.3814433
ST,45,64.28571429
ST,46,51.94805195
ST,47,89.69648562
ST,48,94.96183206
ST,49,95.11450382
ST,50,90.0
ST,51,96.69421488
ST,52,76.34032634
ST,53,32.06751055
ST,54,100.0
ST,55,88.3161512
ST,56,84.3902439
ST,57,80.48780488
ST,58,58.13333333
ST,59,52.0
ST,60,95.55555556
ST,61,84.16666667
ST,62,79.2
ST,63,84.359401
ST,64,93.38929696
ST,65,97.85089849
ST,66,96.21621622
ST,67,92.8
ST,68,88.24120603
ST,69,98.33333333
ST,70,96.49122807
ST,71,90.76923077
ST,72,100.0
ST,73,99.73661106
ST,74,95.5
ST,75,80.29034059
ST,76,73.0318258
ST,77,74.84645449
ST,78,94.22110553
ST,79,100.0
ST,80,79.62962963
ST,81,57.05329154
ST,82,74.02597403
ST,83,83.11688312
ST,84,81.76666667
BOSS,0,76.4705882
BOSS,1,83.42857140000001
BOSS,2,80.0
BOSS,3,90.0
BOSS,4,95.0
BOSS,5,83.33333329999999
BOSS,6,99.7777778
BOSS,7,66.09375
BOSS,8,88.6956522
BOSS,9,100.0
BOSS,10,75.6
BOSS,11,73.5897436
BOSS,12,75.38461540000002
BOSS,13,74.61538459999998
BOSS,14,93.13725490000002
BOSS,15,74.8201439
BOSS,16,72.826087
BOSS,17,67.6258993
BOSS,18,74.8201439
BOSS,19,87.0
BOSS,20,94.1333333
BOSS,21,100.0
BOSS,22,79.9247828
BOSS,23,78.16568050000001
BOSS,24,100.0
BOSS,25,95.7073171
BOSS,26,70.5494505
BOSS,27,98.8571429
BOSS,28,92.9545455
BOSS,29,71.11111109999999
BOSS,30,100.0
BOSS,31,66.66666670000001
BOSS,32,90.27027029999999
BOSS,33,46.1038961
BOSS,34,54.6875
BOSS,35,51.6363636
BOSS,36,52.3232323
BOSS,37,90.86491740000001
BOSS,38,76.5333333
BOSS,39,83.6065574
BOSS,40,68.4931507
BOSS,41,93.8166311
BOSS,42,90.0
BOSS,43,71.8421053
BOSS,44,54.545454500000005
BOSS,45,78.0068729
BOSS,46,54.545454500000005
BOSS,47,87.85942490000001
BOSS,48,83.81679390000001
BOSS,49,90.0763359
BOSS,50,86.66666670000001
BOSS,51,95.4545455
BOSS,52,77.1561772
BOSS,53,26.476793199999996
BOSS,54,100.0
BOSS,55,83.41463409999999
BOSS,56,84.87972509999999
BOSS,57,80.0
BOSS,58,49.8666667
BOSS,59,46.4
BOSS,60,100.0
BOSS,61,90.83333329999999
BOSS,62,72.5333333
BOSS,63,63.2279534
BOSS,64,85.93913959999999
BOSS,65,97.7780476
BOSS,66,97.5675676
BOSS,67,92.16
BOSS,68,96.6834171
BOSS,69,96.66666670000001
BOSS,70,93.8596491
BOSS,71,96.1538462
BOSS,72,100.0
BOSS,73,98.0684811
BOSS,74,99.3
BOSS,75,93.88609720000001
BOSS,76,76.2144054
BOSS,77,68.50921269999999
BOSS,78,69.48632049999999
BOSS,79,99.4808566
BOSS,80,74.07407409999999
BOSS,81,63.7931034
BOSS,82,55.844155799999996
BOSS,83,83.1168831
BOSS,84,91.83333329999999
WEASEL,0,83.12
WEASEL,1,85.714
WEASEL,2,76.667
WEASEL,3,95.0
WEASEL,4,80.0
WEASEL,5,86.667
WEASEL,6,98.333
WEASEL,7,75.26
WEASEL,8,99.348
WEASEL,9,100.0
WEASEL,10,65.6
WEASEL,11,76.41
WEASEL,12,78.97399999999999
WEASEL,13,78.718
WEASEL,14,88.56200000000001
WEASEL,15,76.97800000000001
WEASEL,16,77.899
WEASEL,17,67.626
WEASEL,18,74.82
WEASEL,19,85.0
WEASEL,20,94.822
WEASEL,21,100.0
WEASEL,22,73.285
WEASEL,23,78.69800000000001
WEASEL,24,100.0
WEASEL,25,95.22
WEASEL,26,81.09899999999999
WEASEL,27,96.571
WEASEL,28,97.273
WEASEL,29,83.21
WEASEL,30,100.0
WEASEL,31,65.714
WEASEL,32,94.865
WEASEL,33,38.635999999999996
WEASEL,34,65.625
WEASEL,35,61.273
WEASEL,36,64.04
WEASEL,37,95.141
WEASEL,38,68.267
WEASEL,39,55.738
WEASEL,40,71.233
WEASEL,41,96.546
WEASEL,42,91.667
WEASEL,43,74.079
WEASEL,44,60.39
WEASEL,45,80.756
WEASEL,46,53.896
WEASEL,47,93.53
WEASEL,48,92.875
WEASEL,49,94.148
WEASEL,50,93.333
WEASEL,51,89.669
WEASEL,52,81.702
WEASEL,53,32.648
WEASEL,54,100.0
WEASEL,55,84.87799999999999
WEASEL,56,89.691
WEASEL,57,80.976
WEASEL,58,53.867
WEASEL,59,54.667
WEASEL,60,100.0
WEASEL,61,91.833
WEASEL,62,78.933
WEASEL,63,82.363
WEASEL,64,93.494
WEASEL,65,97.729
WEASEL,66,97.568
WEASEL,67,96.64
WEASEL,68,96.181
WEASEL,69,99.333
WEASEL,70,94.73700000000001
WEASEL,71,90.76899999999999
WEASEL,72,100.0
WEASEL,73,98.975
WEASEL,74,99.824
WEASEL,75,80.96
WEASEL,76,72.473
WEASEL,77,76.99600000000001
WEASEL,78,95.031
WEASEL,79,100.0
WEASEL,80,85.185
WEASEL,81,72.414
WEASEL,82,80.51899999999999
WEASEL,83,80.51899999999999
WEASEL,84,90.9
Flat-COTE,0,79.028133
Flat-COTE,1,81.1428571
Flat-COTE,2,86.66666670000001
Flat-COTE,3,80.0
Flat-COTE,4,90.0
Flat-COTE,5,90.0
Flat-COTE,6,99.5555556
Flat-COTE,7,72.70833329999999
Flat-COTE,8,99.4927536
Flat-COTE,9,100.0
Flat-COTE,10,74.0
Flat-COTE,11,80.7692308
Flat-COTE,12,82.5641026
Flat-COTE,13,81.5384615
Flat-COTE,14,92.8104575
Flat-COTE,15,76.0869565
Flat-COTE,16,74.8201439
Flat-COTE,17,69.78417270000001
Flat-COTE,18,74.8201439
Flat-COTE,19,88.0
Flat-COTE,20,94.6
Flat-COTE,21,99.88385600000001
Flat-COTE,22,71.3266762
Flat-COTE,23,91.77514790000001
Flat-COTE,24,89.7727273
Flat-COTE,25,94.24390240000001
Flat-COTE,26,79.7802198
Flat-COTE,27,98.2857143
Flat-COTE,28,95.68181820000001
Flat-COTE,29,80.3703704
Flat-COTE,30,100.0
Flat-COTE,31,64.7619048
Flat-COTE,32,91.8918919
Flat-COTE,33,52.2727273
Flat-COTE,34,62.5
Flat-COTE,35,49.4545455
Flat-COTE,36,65.2525253
Flat-COTE,37,96.1127308
Flat-COTE,38,84.5333333
Flat-COTE,39,86.8852459
Flat-COTE,40,80.8219178
Flat-COTE,41,95.3944563
Flat-COTE,42,91.66666670000001
Flat-COTE,43,75.7894737
Flat-COTE,44,80.41237109999999
Flat-COTE,45,63.6363636
Flat-COTE,46,57.1428571
Flat-COTE,47,93.6900958
Flat-COTE,48,93.12977099999999
Flat-COTE,49,94.5547074
Flat-COTE,50,90.0
Flat-COTE,51,96.6942149
Flat-COTE,52,77.039627
Flat-COTE,53,34.91561179999999
Flat-COTE,54,100.0
Flat-COTE,55,86.9415808
Flat-COTE,56,85.3658537
Flat-COTE,57,78.0487805
Flat-COTE,58,54.6666667
Flat-COTE,59,54.6666667
Flat-COTE,60,96.11111109999999
Flat-COTE,61,89.16666670000001
Flat-COTE,62,77.6
Flat-COTE,63,84.5257903
Flat-COTE,64,95.1731375
Flat-COTE,65,97.9601748
Flat-COTE,66,95.13513509999999
Flat-COTE,67,95.52
Flat-COTE,68,96.38190949999999
Flat-COTE,69,100.0
Flat-COTE,70,97.36842109999999
Flat-COTE,71,91.5384615
Flat-COTE,72,100.0
Flat-COTE,73,99.2976295
Flat-COTE,74,100.0
Flat-COTE,75,82.1887214
Flat-COTE,76,75.85147959999999
Flat-COTE,77,75.041876
Flat-COTE,78,96.42657729999999
Flat-COTE,79,99.98377679999999
Flat-COTE,80,64.8148148
Flat-COTE,81,75.70532920000001
Flat-COTE,82,62.337662300000005
Flat-COTE,83,80.5194805
Flat-COTE,84,87.66666670000001
HIVE-COTE,0,81.0741688
HIVE-COTE,1,86.2857143
HIVE-COTE,2,93.33333329999999
HIVE-COTE,3,95.0
HIVE-COTE,4,85.0
HIVE-COTE,5,86.66666670000001
HIVE-COTE,6,99.88888890000001
HIVE-COTE,7,71.19791670000001
HIVE-COTE,8,99.6376812
HIVE-COTE,9,100.0
HIVE-COTE,10,76.0
HIVE-COTE,11,82.3076923
HIVE-COTE,12,84.8717949
HIVE-COTE,13,83.07692309999999
HIVE-COTE,14,94.11764709999999
HIVE-COTE,15,76.2589928
HIVE-COTE,16,77.173913
HIVE-COTE,17,68.34532370000001
HIVE-COTE,18,74.8201439
HIVE-COTE,19,85.0
HIVE-COTE,20,94.62222220000001
HIVE-COTE,21,100.0
HIVE-COTE,22,77.0328103
HIVE-COTE,23,80.295858
HIVE-COTE,24,95.4545455
HIVE-COTE,25,96.2926829
HIVE-COTE,26,80.8791209
HIVE-COTE,27,98.8571429
HIVE-COTE,28,96.4393939
HIVE-COTE,29,82.345679
HIVE-COTE,30,100.0
HIVE-COTE,31,66.66666670000001
HIVE-COTE,32,93.24324320000001
HIVE-COTE,33,51.948051899999996
HIVE-COTE,34,68.75
HIVE-COTE,35,50.0
HIVE-COTE,36,65.5050505
HIVE-COTE,37,96.3070943
HIVE-COTE,38,86.4
HIVE-COTE,39,81.9672131
HIVE-COTE,40,73.9726027
HIVE-COTE,41,96.2046908
HIVE-COTE,42,93.33333329999999
HIVE-COTE,43,77.7631579
HIVE-COTE,44,59.74025970000001
HIVE-COTE,45,83.161512
HIVE-COTE,46,57.1428571
HIVE-COTE,47,93.2907348
HIVE-COTE,48,93.02798979999999
HIVE-COTE,49,94.4529262
HIVE-COTE,50,90.0
HIVE-COTE,51,97.9338843
HIVE-COTE,52,80.6526807
HIVE-COTE,53,38.2383966
HIVE-COTE,54,100.0
HIVE-COTE,55,85.8536585
HIVE-COTE,56,87.97250859999998
HIVE-COTE,57,81.4634146
HIVE-COTE,58,55.7333333
HIVE-COTE,59,58.9333333
HIVE-COTE,60,100.0
HIVE-COTE,61,90.5
HIVE-COTE,62,85.33333329999999
HIVE-COTE,63,76.5391015
HIVE-COTE,64,92.7597062
HIVE-COTE,65,98.1544439
HIVE-COTE,66,97.027027
HIVE-COTE,67,95.36
HIVE-COTE,68,97.38693470000001
HIVE-COTE,69,99.66666670000001
HIVE-COTE,70,98.245614
HIVE-COTE,71,95.38461540000002
HIVE-COTE,72,100.0
HIVE-COTE,73,99.6488147
HIVE-COTE,74,100.0
HIVE-COTE,75,96.8453378
HIVE-COTE,76,83.9754327
HIVE-COTE,77,76.5494137
HIVE-COTE,78,78.30820770000001
HIVE-COTE,79,99.9351071
HIVE-COTE,80,77.7777778
HIVE-COTE,81,73.82445140000002
HIVE-COTE,82,55.844155799999996
HIVE-COTE,83,77.9220779
HIVE-COTE,84,91.7666667
InceptionTime,0,84.14
InceptionTime,1,84.57
InceptionTime,2,70.0
InceptionTime,3,80.0
InceptionTime,4,95.0
InceptionTime,5,88.33
InceptionTime,6,99.89
InceptionTime,7,87.66
InceptionTime,8,85.36
InceptionTime,9,100.0
InceptionTime,10,79.6
InceptionTime,11,85.38
InceptionTime,12,85.13
InceptionTime,13,86.15
InceptionTime,14,93.46
InceptionTime,15,73.38
InceptionTime,16,78.26
InceptionTime,17,68.35
InceptionTime,18,74.1
InceptionTime,19,93.0
InceptionTime,20,94.09
InceptionTime,21,100.0
InceptionTime,22,72.39
InceptionTime,23,80.71
InceptionTime,24,95.45
InceptionTime,25,97.12
InceptionTime,26,83.08
InceptionTime,27,98.29
InceptionTime,28,96.14
InceptionTime,29,86.17
InceptionTime,30,100.0
InceptionTime,31,71.43
InceptionTime,32,95.41
InceptionTime,33,54.87
InceptionTime,34,67.19
InceptionTime,35,49.09
InceptionTime,36,63.89
InceptionTime,37,96.5
InceptionTime,38,90.4
InceptionTime,39,77.05
InceptionTime,40,83.56
InceptionTime,41,95.52
InceptionTime,42,93.33
InceptionTime,43,79.47
InceptionTime,44,55.19
InceptionTime,45,81.79
InceptionTime,46,51.3
InceptionTime,47,88.66
InceptionTime,48,96.08
InceptionTime,49,96.39
InceptionTime,50,83.33
InceptionTime,51,94.21
InceptionTime,52,84.97
InceptionTime,53,34.12
InceptionTime,54,100.0
InceptionTime,55,84.88
InceptionTime,56,93.13
InceptionTime,57,77.56
InceptionTime,58,51.73
InceptionTime,59,58.93
InceptionTime,60,95.56
InceptionTime,61,92.83
InceptionTime,62,76.0
InceptionTime,63,86.86
InceptionTime,64,94.65
InceptionTime,65,97.94
InceptionTime,66,98.38
InceptionTime,67,97.44
InceptionTime,68,98.09
InceptionTime,69,99.67
InceptionTime,70,96.49
InceptionTime,71,93.85
InceptionTime,72,100.0
InceptionTime,73,99.56
InceptionTime,74,100.0
InceptionTime,75,95.2
InceptionTime,76,82.5
InceptionTime,77,76.72
InceptionTime,78,76.41
InceptionTime,79,99.85
InceptionTime,80,61.11
InceptionTime,81,73.35
InceptionTime,82,77.92
InceptionTime,83,79.22
InceptionTime,84,90.17
OS-CNN,0,83.45
OS-CNN,1,83.77
OS-CNN,2,80.67
OS-CNN,3,81.5
OS-CNN,4,88.5
OS-CNN,5,93.33
OS-CNN,6,99.99
OS-CNN,7,83.87
OS-CNN,8,82.75
OS-CNN,9,100.0
OS-CNN,10,70.68
OS-CNN,11,85.51
OS-CNN,12,86.72
OS-CNN,13,86.31
OS-CNN,14,97.71
OS-CNN,15,73.81
OS-CNN,16,76.59
OS-CNN,17,66.4
OS-CNN,18,66.98
OS-CNN,19,90.8
OS-CNN,20,94.01
OS-CNN,21,99.95
OS-CNN,22,72.36
OS-CNN,23,84.47
OS-CNN,24,95.11
OS-CNN,25,96.74
OS-CNN,26,81.6
OS-CNN,27,98.74
OS-CNN,28,95.48
OS-CNN,29,83.79
OS-CNN,30,99.93
OS-CNN,31,70.38
OS-CNN,32,92.95
OS-CNN,33,51.01
OS-CNN,34,60.78
OS-CNN,35,42.93
OS-CNN,36,63.52
OS-CNN,37,94.72
OS-CNN,38,89.57
OS-CNN,39,80.66
OS-CNN,40,79.32
OS-CNN,41,96.38
OS-CNN,42,94.67
OS-CNN,43,76.95
OS-CNN,44,53.64
OS-CNN,45,81.41
OS-CNN,46,51.95
OS-CNN,47,92.64
OS-CNN,48,96.27
OS-CNN,49,96.01
OS-CNN,50,78.67
OS-CNN,51,94.01
OS-CNN,52,82.97
OS-CNN,53,30.45
OS-CNN,54,100.0
OS-CNN,55,84.39
OS-CNN,56,90.79
OS-CNN,57,77.32
OS-CNN,58,50.29
OS-CNN,59,52.64
OS-CNN,60,79.94
OS-CNN,61,92.03
OS-CNN,62,72.08
OS-CNN,63,97.95
OS-CNN,64,95.38
OS-CNN,65,97.5
OS-CNN,66,98.19
OS-CNN,67,97.12
OS-CNN,68,96.12
OS-CNN,69,99.93
OS-CNN,70,95.39
OS-CNN,71,94.62
OS-CNN,72,100.0
OS-CNN,73,99.92
OS-CNN,74,100.0
OS-CNN,75,94.25
OS-CNN,76,82.18
OS-CNN,77,75.72
OS-CNN,78,76.36
OS-CNN,79,99.84
OS-CNN,80,74.44
OS-CNN,81,74.23
OS-CNN,82,76.49
OS-CNN,83,65.71
OS-CNN,84,91.06
OS-CNN-ENS(5),0,83.1202046
OS-CNN-ENS(5),1,84.85714286
OS-CNN-ENS(5),2,80.0
OS-CNN-ENS(5),3,85.0
OS-CNN-ENS(5),4,90.0
OS-CNN-ENS(5),5,93.33333333
OS-CNN-ENS(5),6,100.0
OS-CNN-ENS(5),7,85.7421875
OS-CNN-ENS(5),8,83.34057971
OS-CNN-ENS(5),9,100.0
OS-CNN-ENS(5),10,72.36
OS-CNN-ENS(5),11,86.71794872
OS-CNN-ENS(5),12,86.79487179
OS-CNN-ENS(5),13,87.76923077
OS-CNN-ENS(5),14,97.81045752
OS-CNN-ENS(5),15,74.5323741
OS-CNN-ENS(5),16,76.92028986
OS-CNN-ENS(5),17,66.04316547
OS-CNN-ENS(5),18,68.41726619
OS-CNN-ENS(5),19,91.0
OS-CNN-ENS(5),20,94.08444444
OS-CNN-ENS(5),21,100.0
OS-CNN-ENS(5),22,73.68694073
OS-CNN-ENS(5),23,84.46745562
OS-CNN-ENS(5),24,95.34090909
OS-CNN-ENS(5),25,97.09268293
OS-CNN-ENS(5),26,83.95604396
OS-CNN-ENS(5),27,99.02857143
OS-CNN-ENS(5),28,95.94696970000001
OS-CNN-ENS(5),29,84.17283951
OS-CNN-ENS(5),30,100.0
OS-CNN-ENS(5),31,70.57142857
OS-CNN-ENS(5),32,95.51351351
OS-CNN-ENS(5),33,52.04545455
OS-CNN-ENS(5),34,61.5625
OS-CNN-ENS(5),35,44.27272727
OS-CNN-ENS(5),36,64.06565657
OS-CNN-ENS(5),37,94.99514091
OS-CNN-ENS(5),38,90.02666667
OS-CNN-ENS(5),39,80.98360656
OS-CNN-ENS(5),40,80.2739726
OS-CNN-ENS(5),41,97.00639659
OS-CNN-ENS(5),42,96.16666667
OS-CNN-ENS(5),43,77.72368421
OS-CNN-ENS(5),44,55.32467532
OS-CNN-ENS(5),45,83.26460481
OS-CNN-ENS(5),46,52.79220779
OS-CNN-ENS(5),47,93.12300319
OS-CNN-ENS(5),48,96.64122137
OS-CNN-ENS(5),49,96.72773537
OS-CNN-ENS(5),50,83.0
OS-CNN-ENS(5),51,94.91735537
OS-CNN-ENS(5),52,84.27738928
OS-CNN-ENS(5),53,31.93037975
OS-CNN-ENS(5),54,100.0
OS-CNN-ENS(5),55,84.48780488
OS-CNN-ENS(5),56,92.06185567
OS-CNN-ENS(5),57,77.70731707
OS-CNN-ENS(5),58,50.02666667
OS-CNN-ENS(5),59,53.49333333
OS-CNN-ENS(5),60,83.61111111
OS-CNN-ENS(5),61,92.93333333
OS-CNN-ENS(5),62,74.13333333
OS-CNN-ENS(5),63,98.38602329
OS-CNN-ENS(5),64,95.71878279
OS-CNN-ENS(5),65,97.82054395
OS-CNN-ENS(5),66,98.51351351
OS-CNN-ENS(5),67,97.80799999999999
OS-CNN-ENS(5),68,96.62311558
OS-CNN-ENS(5),69,100.0
OS-CNN-ENS(5),70,95.70175439
OS-CNN-ENS(5),71,95.38461538
OS-CNN-ENS(5),72,100.0
OS-CNN-ENS(5),73,99.91220369
OS-CNN-ENS(5),74,100.0
OS-CNN-ENS(5),75,94.90787270000001
OS-CNN-ENS(5),76,82.92573981
OS-CNN-ENS(5),77,76.94584031
OS-CNN-ENS(5),78,77.63260748
OS-CNN-ENS(5),79,99.85561324
OS-CNN-ENS(5),80,83.51851852
OS-CNN-ENS(5),81,75.89341693
OS-CNN-ENS(5),82,79.22077922
OS-CNN-ENS(5),83,65.84415584
OS-CNN-ENS(5),84,92.35666667
OS-CNN-ENS(8),0,83.32480818
OS-CNN-ENS(8),1,84.85714286
OS-CNN-ENS(8),2,80.0
OS-CNN-ENS(8),3,85.0
OS-CNN-ENS(8),4,90.0
OS-CNN-ENS(8),5,93.33333333
OS-CNN-ENS(8),6,100.0
OS-CNN-ENS(8),7,85.81770833
OS-CNN-ENS(8),8,83.47826087
OS-CNN-ENS(8),9,100.0
OS-CNN-ENS(8),10,72.16
OS-CNN-ENS(8),11,86.71794872
OS-CNN-ENS(8),12,87.28205128
OS-CNN-ENS(8),13,87.94871795
OS-CNN-ENS(8),14,98.03921569
OS-CNN-ENS(8),15,74.82014388
OS-CNN-ENS(8),16,77.06521739
OS-CNN-ENS(8),17,65.97122302
OS-CNN-ENS(8),18,69.20863309
OS-CNN-ENS(8),19,91.2
OS-CNN-ENS(8),20,94.07555556
OS-CNN-ENS(8),21,100.0
OS-CNN-ENS(8),22,73.86849955
OS-CNN-ENS(8),23,84.24852071
OS-CNN-ENS(8),24,95.45454545
OS-CNN-ENS(8),25,97.18048780000001
OS-CNN-ENS(8),26,84.06593407
OS-CNN-ENS(8),27,99.2
OS-CNN-ENS(8),28,95.91666667
OS-CNN-ENS(8),29,84.22222222
OS-CNN-ENS(8),30,100.0
OS-CNN-ENS(8),31,70.47619048
OS-CNN-ENS(8),32,95.40540541
OS-CNN-ENS(8),33,52.17532468
OS-CNN-ENS(8),34,62.5
OS-CNN-ENS(8),35,46.87272727
OS-CNN-ENS(8),36,64.04040404
OS-CNN-ENS(8),37,95.00485909
OS-CNN-ENS(8),38,90.26666667
OS-CNN-ENS(8),39,80.81967213
OS-CNN-ENS(8),40,80.54794521
OS-CNN-ENS(8),41,97.23667377
OS-CNN-ENS(8),42,96.5
OS-CNN-ENS(8),43,77.5
OS-CNN-ENS(8),44,54.80519481
OS-CNN-ENS(8),45,83.71134021
OS-CNN-ENS(8),46,52.92207792
OS-CNN-ENS(8),47,93.34664537
OS-CNN-ENS(8),48,96.65139949
OS-CNN-ENS(8),49,96.90585242
OS-CNN-ENS(8),50,83.33333333
OS-CNN-ENS(8),51,95.04132231
OS-CNN-ENS(8),52,84.53379953
OS-CNN-ENS(8),53,32.32067511
OS-CNN-ENS(8),54,100.0
OS-CNN-ENS(8),55,84.73170732
OS-CNN-ENS(8),56,92.71477663
OS-CNN-ENS(8),57,77.90243902
OS-CNN-ENS(8),58,50.53333333
OS-CNN-ENS(8),59,52.96
OS-CNN-ENS(8),60,84.77777778
OS-CNN-ENS(8),61,93.03333333
OS-CNN-ENS(8),62,74.16
OS-CNN-ENS(8),63,98.80199667
OS-CNN-ENS(8),64,95.81322141
OS-CNN-ENS(8),65,97.83875668
OS-CNN-ENS(8),66,98.54054054
OS-CNN-ENS(8),67,97.88799999999999
OS-CNN-ENS(8),68,96.97487437
OS-CNN-ENS(8),69,100.0
OS-CNN-ENS(8),70,95.74561404
OS-CNN-ENS(8),71,95.46153846
OS-CNN-ENS(8),72,100.0
OS-CNN-ENS(8),73,99.91220369
OS-CNN-ENS(8),74,100.0
OS-CNN-ENS(8),75,94.95533222
OS-CNN-ENS(8),76,83.11836963
OS-CNN-ENS(8),77,76.84812954
OS-CNN-ENS(8),78,77.63260748
OS-CNN-ENS(8),79,99.85399091
OS-CNN-ENS(8),80,84.81481481
OS-CNN-ENS(8),81,76.31661442
OS-CNN-ENS(8),82,78.57142857
OS-CNN-ENS(8),83,66.1038961
OS-CNN-ENS(8),84,92.43666667
